<?xml version='1.0' encoding='UTF-8'?>
<?artifactRepository version='1.1.0'?>
<repository name='file:/Users/dmitriykuznetsov/AnypointStudio/workspace60/mule400/target/update-site/ - artifacts' type='org.eclipse.equinox.p2.artifact.repository.simpleRepository' version='1'>
  <properties size='2'>
    <property name='p2.timestamp' value='1474988726751'/>
    <property name='p2.compressed' value='false'/>
  </properties>
  <mappings size='3'>
    <rule filter='(&amp; (classifier=osgi.bundle))' output='${repoUrl}/plugins/${id}_${version}.jar'/>
    <rule filter='(&amp; (classifier=binary))' output='${repoUrl}/binary/${id}_${version}'/>
    <rule filter='(&amp; (classifier=org.eclipse.update.feature))' output='${repoUrl}/features/${id}_${version}.jar'/>
  </mappings>
  <artifacts size='2'>
    <artifact classifier='osgi.bundle' id='org.mule.tooling.ui.contribution.as400.3.5.0' version='1.0.1.201609271105'>
      <properties size='3'>
        <property name='artifact.size' value='5022157'/>
        <property name='download.size' value='5022157'/>
        <property name='download.md5' value='fec7f5ded49d964d7a61fafdd465dec7'/>
      </properties>
    </artifact>
    <artifact classifier='org.eclipse.update.feature' id='org.mule.tooling.ui.extension.as400-connector.3.5.0' version='1.0.1.201609271105'>
      <properties size='4'>
        <property name='artifact.size' value='7549'/>
        <property name='download.size' value='7549'/>
        <property name='download.md5' value='9791e904e8dd8d90c2b68768aee6d8b6'/>
        <property name='download.contentType' value='application/zip'/>
      </properties>
    </artifact>
  </artifacts>
</repository>
