<?xml version='1.0' encoding='UTF-8'?>
<?metadataRepository version='1.1.0'?>
<repository name='file:/Users/dmitriykuznetsov/AnypointStudio/workspace60/mule400/target/update-site/ - metadata' type='org.eclipse.equinox.internal.p2.metadata.repository.LocalMetadataRepository' version='1.0.0'>
  <properties size='2'>
    <property name='p2.timestamp' value='1474988728057'/>
    <property name='p2.compressed' value='false'/>
  </properties>
  <units size='4'>
    <unit id='file:/Users/dmitriykuznetsov/AnypointStudio/workspace60/mule400/target/classes/category.xml.org.mule.modules' version='1.0.0.2-1cKMyT67735E3K7G553C'>
      <properties size='2'>
        <property name='org.eclipse.equinox.p2.name' value='Certified'/>
        <property name='org.eclipse.equinox.p2.type.category' value='true'/>
      </properties>
      <provides size='1'>
        <provided namespace='org.eclipse.equinox.p2.iu' name='file:/Users/dmitriykuznetsov/AnypointStudio/workspace60/mule400/target/classes/category.xml.org.mule.modules' version='1.0.0.2-1cKMyT67735E3K7G553C'/>
      </provides>
      <requires size='1'>
        <required namespace='org.eclipse.equinox.p2.iu' name='org.mule.tooling.ui.extension.as400-connector.3.5.0.feature.group' range='[1.0.1.201609271105,1.0.1.201609271105]'/>
      </requires>
      <touchpoint id='null' version='0.0.0'/>
    </unit>
    <unit id='org.mule.tooling.ui.extension.as400-connector.3.5.0.feature.jar' version='1.0.1.201609271105'>
      <properties size='2'>
        <property name='org.eclipse.equinox.p2.name' value='AS400 Connector (Mule 3.5.0+)'/>
        <property name='org.eclipse.equinox.p2.provider' value='Mulesoft, Inc.'/>
      </properties>
      <provides size='3'>
        <provided namespace='org.eclipse.equinox.p2.iu' name='org.mule.tooling.ui.extension.as400-connector.3.5.0.feature.jar' version='1.0.1.201609271105'/>
        <provided namespace='org.eclipse.equinox.p2.eclipse.type' name='feature' version='1.0.0'/>
        <provided namespace='org.eclipse.update.feature' name='org.mule.tooling.ui.extension.as400-connector.3.5.0' version='1.0.1.201609271105'/>
      </provides>
      <filter>
        (org.eclipse.update.install.features=true)
      </filter>
      <artifacts size='1'>
        <artifact classifier='org.eclipse.update.feature' id='org.mule.tooling.ui.extension.as400-connector.3.5.0' version='1.0.1.201609271105'/>
      </artifacts>
      <touchpoint id='org.eclipse.equinox.p2.osgi' version='1.0.0'/>
      <touchpointData size='1'>
        <instructions size='1'>
          <instruction key='zipped'>
            true
          </instruction>
        </instructions>
      </touchpointData>
      <licenses size='1'>
        <license>
          Commercial License&#xA;====================================================&#xA;&#xA;About MuleSoft Certified Connectors&#xA; MuleSoft Certified Connectors are developed by MuleSoft’s partners and developer community. These connectors have been reviewed and certified by MuleSoft. To purchase the AS/400 Connector or to receive assistance or support for it, please contact Infoview Systems directly at 734.293.2160 or mule400@infoviewsystems.com. MuleSoft disclaims any support obligation for MuleSoft Certified Connectors.  By installing this connector, you consent to MuleSoft sharing your contact information with the developer of this connector so that you can receive more information about it directly from the developer.&#xA;&#xA;READ THIS AGREEMENT CAREFULLY. BY CLICKING ON THE &quot;I Agree&quot; BUTTON OR INSTALLING OR USING ALL OR ANY PORTION OF THE SOFTWARE, YOU ARE ACCEPTING ALL OF THE TERMS AND CONDITIONS OF THIS AGREEMENT. YOU AGREE THAT THIS AGREEMENT IS ENFORCEABLE LIKE ANY WRITTEN NEGOTIATED AGREEMENT SIGNED BY YOU. IF YOU DO NOT AGREE TO ALL OF THESE TERMS AND CONDITIONS, CLICK &quot;I Do Not Agree&quot;. YOU WILL NOT BE GIVEN ACCESS TO THE SOFTWARE UNLESS YOU ACCEPT THE TERMS OF THIS AGREEMENT. IF YOU HAVE PAID A LICENSE FEE FOR USE OF THE SOFTWARE AND DO NOT AGREE TO THESE TERMS, YOU MAY RETURN THE SOFTWARE FOR A FULL REFUND PROVIDED YOU (A) DO NOT USE THE SOFTWARE AND (B) RETURN THE SOFTWARE WITHIN THIRTY (30) DAYS OF YOUR INITIAL PURCHASE. IF YOU WISH TO USE THE SOFTWARE AS AN EMPLOYEE, CONTRACTOR, OR AGENT OF A CORPORATION, PARTNERSHIP OR SIMILAR ENTITY, THEN YOU MUST BE AUTHORIZED TO SIGN FOR AND BIND THE ENTITY IN ORDER TO ACCEPT THE TERMS OF THIS AGREEMENT. THE LICENSES GRANTED UNDER THIS AGREEMENT ARE EXPRESSLY CONDITIONED UPON ACCEPTANCE BY SUCH AUTHORIZED PERSONNEL. IF YOU HAVE ENTERED INTO A SEPARATE WRITTEN LICENSE AGREEMENT WITH INFOVIEW SYSTEMS FOR USE OF THE SOFTWARE, THE TERMS AND CONDITIONS OF SUCH OTHER AGREEMENT SHALL PREVAIL OVER ANY CONFLICTING TERMS OR CONDITIONS IN THIS AGREEMENT.&#xA;&#xA;This Software License Agreement (&quot;Agreement&quot;) is between Infoview Systems, Inc., located at 9424 Newburgh Road, Livonia, MI 48150 (&quot;Infoview&quot;) and the customer (individual or entity) that has procured the licensed Software (as defined below) for use as an end user (&quot;you&quot;).  &#xA;&#xA;1.&#x9;Definitions. &#xA;a.&#x9;“Documentation” means any supporting technical documentation provided with the Software.&#xA;b.&#x9;“Effective Date” means the date on which the Software is first made available to you.&#xA;c.&#x9;“Software” means the Infoview software product(s) provided in connection with this Agreement in object code form. Unless otherwise noted, the Software and Documentation are referred to collectively herein as &quot;Software&quot;. &#xA;d.&#x9;&quot;Intellectual Property&quot; means any and all now known or hereafter known tangible and intangible &#xA;i.&#x9;rights associated with works of authorship throughout the universe, including, but not limited to, copyrights, moral rights, and mask-works, &#xA;ii.&#x9;trademark and trade name rights and similar rights, &#xA;iii.&#x9;trade secret rights, &#xA;iv.&#x9;patents, designs, algorithms and other industrial property rights, &#xA;v.&#x9;all other intellectual and industrial property rights (of every kind and nature throughout the universe and however designated) (including logos, &quot;rental&quot; rights and rights to remuneration), whether arising by operation of  law, contract, license, or otherwise, and &#xA;vi.&#x9;all registrations, initial applications, renewals, extensions, continuations, divisions or reissues now or later in force.&#xA;e.&#x9;&quot;Third Party Software&quot; means any software, application, script or code not owned by Infoview or you.&#xA;2.&#x9;License.&#xA;a.&#x9;Grant of License.  Subject to all of the terms and conditions of this Agreement, Infoview grants you a limited, non-exclusive, non-transferable, non-sublicensable license to use the Software internally to run on MuleSoft’s Anypoint Studio.  The ability to run the Software on MuleSoft’s Run Time Environment is available for additional cost.&#xA;b.&#x9;Installation and Copies. Infoview shall make the Software and Documentation available for download in electronic form.  You may also make one copy of the Software solely for back-up purposes. All other copying is prohibited.&#xA;c.&#x9;License Restrictions.  You shall not: &#xA;i.&#x9;copy the Software or any portion thereof, except for the one permitted backup copy; &#xA;ii.&#x9;distribute, sell, rent, lease, sublicense or transfer any copies of the Software, or portions thereof, to a third party or allow a third party to use the Software; &#xA;iii.&#x9;modify, decompile, disassemble or otherwise reverse engineer the Software or attempt to reconstruct or discover any source code, underlying ideas, algorithms, file formats or programming interfaces of the Software by any means whatsoever if the Software to the extent the Software is not provided in source code form (except and only to the extent that applicable law prohibits or restricts reverse engineering restrictions); &#xA;iv.&#x9;use the Software to develop services or products for sale or include any components of the Software in any product; &#xA;v.&#x9;use any portion of the Software to create a competitive service, product or technology; &#xA;vi.&#x9;make the functionality of the Software available to the public in any manner; &#xA;vii.&#x9;remove any product identification, proprietary, copyright or other notices contained in the Software; or &#xA;viii.&#x9;publicly disseminate performance information or analysis (including, without limitation, benchmarks) from any source relating to the Software.&#xA;d.&#x9;Intellectual Property Rights.  You acknowledge that Infoview retains exclusive ownership of all copyrights, trademarks, patents and/or other intellectual property rights in the Software and the Documentation.  You are not granted any rights in the Software or Documentation other than the license rights expressly set forth above.  &#xA;3.&#x9;Ownership.  &#xA;a.&#x9;Notwithstanding anything to the contrary contained herein, except for the limited license rights expressly provided herein, Infoview and its suppliers have and will retain all rights, title and interest (including, without limitation, all patent, copyright, trademark, trade secret and other intellectual property rights) in and to the Software and all copies, modifications and derivative works thereof. You acknowledge that you are obtaining only a limited license right to the Software and that irrespective of any use of the words &quot;purchase&quot;, &quot;sale&quot; or like terms hereunder no ownership rights are being conveyed to you under this Agreement or otherwise.&#xA;4.&#x9;Payment.&#xA;a.&#x9;If any fees are so indicated, you shall pay all such fees in U.S. Dollars. If Infoview will be invoicing you for payment, all payments shall be made within thirty (30) days of your receipt of the applicable invoice, unless otherwise specified in writing by Infoview. Except as expressly set forth herein, all fees are non-refundable once paid. You shall be responsible for all taxes, withholdings, duties and levies arising from your use of the Software (if any), excluding taxes based on the net income of Infoview. Any late payments shall be subject to a service charge equal to 1.5% per month of the amount due or the maximum amount allowed by law, whichever is less. &#xA;5.&#x9;Term of Agreement.&#xA;a.&#x9;Term.  This Agreement is effective as of the Effective Date and is perpetual, with no expiration date (the &quot;Term&quot;). Infoview may terminate this Agreement and seek injunctive relief immediately upon any breach by you. In addition, either party may terminate this Agreement if the other party: &#xA;i.&#x9;ceases operation without a successor; or &#xA;ii.&#x9;seeks protection under any bankruptcy, receivership, trust deed, creditors arrangement, composition or comparable proceeding, or if any such proceeding is instituted against such party (and not dismissed within sixty (60) days)). Termination is not an exclusive remedy and the exercise by either party of any remedy under this Agreement will be without prejudice to any other remedies it may have under this Agreement, by law, or otherwise.&#xA;b.&#x9;Termination.  Upon any expiration or termination of this Agreement, you shall cease any and all use of any Software and destroy (or permanently erase) all copies thereof (including the backup copy, if made).&#xA;c.&#x9;No Obligation to Enter Into Further Agreement.  No Obligation to Enter Into Further Agreement. Nothing herein obligates either party to enter into any further agreement with the other party. &#xA;d.&#x9;Survival. Sections 2c (License Restrictions), 3 (Ownership), 4 (Payment), 5 (Term of Agreement), 6 (No Warranty), 7 (Limitation of Remedies and Damages), 8 (Confidential Information), 9 (Export Compliance) and 10 (General) shall survive any termination or expiration of this Agreement.&#xA;&#xA;6.&#x9;No Warranty.&#xA;&#xA;THE SOFTWARE AND ALL SERVICES ARE PROVIDED &quot;AS IS,&quot; WITHOUT WARRANTY OF ANY KIND, EXPRESS, IMPLIED, STATUTORY, OR OTHERWISE, INCLUDING, BUT NOT LIMITED TO WARRANTIES OF TITLE, NON-INFRINGEMENT, MERCHANTABILITY, OR FITNESS FOR A PARTICULAR PURPOSE. YOU MAY HAVE OTHER STATUTORY RIGHTS; HOWEVER, TO THE FULL EXTENT PERMITTED BY LAW, THE DURATION OF STATUTORILY REQUIRED WARRANTIES, IF ANY, SHALL BE LIMITED TO THE MAXIMUM EXTENT PERMITTED BY LAW. &#xA;&#xA;7.&#x9;Limitation of Remedies and Damages.&#xA;&#xA;IN NO EVENT SHALL INFOVIEW BE LIABLE FOR ANY LOSS OF USE, LOST DATA, FAILURE OF SECURITY MECHANISMS, INTERRUPTION OF BUSINESS, OR ANY INDIRECT, SPECIAL, INCIDENTAL, OR CONSEQUENTIAL DAMAGES OF ANY KIND (INCLUDING LOST PROFITS), REGARDLESS OF THE FORM OF ACTION, WHETHER IN CONTRACT, TORT (INCLUDING NEGLIGENCE), STRICT LIABILITY OR OTHERWISE, EVEN IF INFORMED OF THE POSSIBILITY OF SUCH DAMAGES IN ADVANCE. NOTWITHSTANDING ANY OTHER PROVISION OF THIS AGREEMENT, INFOVIEW&apos;S ENTIRE LIABILITY TO YOU UNDER THIS AGREEMENT SHALL NOT EXCEED THE GREATER OF (I) THE AMOUNT ACTUALLY PAID BY YOU TO INFOVIEW UNDER THIS AGREEMENT OR (II) $10,000. &#xA;&#xA;The parties agree that the limitations specified in this Section 7 will survive and apply even if any limited remedy specified in this Agreement is found to have failed of its essential purpose. &#xA;&#xA;8.&#x9;Confidential Information.&#xA;a.&#x9;Any software, documentation or technical information provided by Infoview (or its agents) shall be deemed &quot;Infoview Confidential Information&quot; without any marking or further designation. Except as expressly authorized herein, you will hold in confidence and not use or disclose any Infoview Confidential Information. You acknowledge that disclosure of Infoview Confidential Information would cause substantial harm to Infoview that could not be remedied by the payment of damages alone and therefore that upon any such disclosure by you, Infoview shall be entitled to appropriate equitable relief in addition to whatever remedies it might have at law. &#xA;&#xA;9.&#x9;Export Compliance.&#xA;a.&#x9;You acknowledge that the Software is subject to export restrictions by the United States government and import restrictions by certain foreign governments. You shall not, and shall not allow any third-party to, remove or export from the United States or allow the export or re-export of any part of the Software or any direct product thereof: &#xA;i.&#x9;into (or to a national or resident of) any embargoed or terrorist-supporting country; &#xA;ii.&#x9;to anyone on the U.S. Commerce Department&apos;s Table of Denial Orders or U.S. Treasury Department&apos;s list of Specially Designated Nationals; &#xA;iii.&#x9;to any country to which such export or re-export is restricted or prohibited, or as to which the United States government or any agency thereof requires an export license or other governmental approval at the time of export or re-export without first obtaining such license or approval; or (iv) otherwise in violation of any export or import restrictions, laws or regulations of any United States or foreign agency or authority. You agree to the foregoing and warrant that you are not located in, under the control of, or a national or resident of any such prohibited country or on any such prohibited party list. The Software is further restricted from being used for the design or development of nuclear, chemical, or biological weapons or missile technology, or for terrorist activity, without the prior permission of the United States government. &#xA;&#xA;10.&#x9;General. &#xA;a.&#x9;Assignment.  This Agreement will bind and inure to the benefit of each party&apos;s permitted successors and assigns. Infoview may assign this Agreement to any affiliate or in connection with a merger, reorganization, acquisition or other transfer of all or substantially all of Infoview&apos;s assets or voting securities. You may not assign or transfer this Agreement, in whole or in part, without Infoview&apos;s written consent. Any attempt to transfer or assign this Agreement without such written consent will be null and void.&#xA;b.&#x9;Severability.  If any provision of this Agreement shall be adjudged by any court of competent jurisdiction to be unenforceable or invalid, that provision shall be limited to the minimum extent necessary so that this Agreement shall otherwise remain in effect.&#xA;c.&#x9;Governing Law; Jurisdiction and Venue.  This Agreement shall be governed by the laws of the State of Michigan and the United States without regard to conflicts of laws provisions thereof, and without regard to the United Nations Convention on the International Sale of Goods. The jurisdiction and venue for actions related to the subject matter hereof shall be the Michigan state and United States federal courts located in the State of Michigan, and both parties hereby submit to the personal jurisdiction of such courts.&#xA;d.&#x9;Attorneys&apos; Fees and Costs.  The prevailing party in any action to enforce this Agreement will be entitled to recover its attorneys&apos; fees and costs in connection with such action.&#xA;e.&#x9;Notices and Reports.  Any notice or report hereunder shall be in writing. If to Infoview, such notice or report shall be sent to Infoview at the address above to the attention of &quot;Legal Department&quot;. If to you, such notice or report shall be sent to the address you provided prior to downloading the Software. Notices and reports shall be deemed given: &#xA;i.&#x9;upon receipt if by personal delivery; &#xA;ii.&#x9;upon receipt if sent by certified or registered U.S. mail (return receipt requested); or &#xA;iii.&#x9;one day after it is sent if by next day delivery by a major commercial delivery service.  &#xA;f.&#x9;Amendments; Waivers.  No supplement, modification, or amendment of this Agreement shall be binding, unless executed in writing by a duly authorized representative of each party to this Agreement. No waiver will be implied from conduct or failure to enforce or exercise rights under this Agreement, nor will any waiver be effective unless in a writing signed by a duly authorized representative on behalf of the party claimed to have waived.&#xA;g.&#x9;Entire Agreement.  This Agreement is the complete and exclusive statement of the mutual understanding of the parties and supersedes and cancels all previous written and oral agreements and communications relating to the subject matter of this Agreement. No provision of any purchase order or in any other business form employed by you will supersede the terms and conditions of this Agreement, and any such document issued by a party hereto relating to this Agreement shall be for administrative purposes only and shall have no legal effect. Notwithstanding the foregoing, if you have entered into a separate written license agreement signed by Infoview for use of the Software, the terms and conditions of such other agreement shall prevail over any conflicting terms or conditions in this Agreement.&#xA;h.&#x9;Independent Contractors.  The parties to this Agreement are independent contractors. There is no relationship of partnership, joint venture, employment, franchise or agency created hereby between the parties. Neither party will have the power to bind the other or incur obligations on the other party&apos;s behalf without the other party&apos;s prior written consent.&#xA;i.&#x9;Force Majeure.  Neither party shall be liable to the other for any delay or failure to perform any obligation under this Agreement (except for a failure to pay fees) if the delay or failure is due to unforeseen events, which occur after the signing of this Agreement and which are beyond the reasonable control of the parties, such as strikes, blockade, war, terrorism, riots, natural disasters, refusal of license by the government or other governmental agencies, in so far as such an event prevents or delays the affected party from fulfilling its obligations and such party is not able to prevent or remove the force majeure at reasonable cost.&#xA;j.&#x9;Government End-Users.  The Software is commercial computer software. If the user or licensee of the Software is an agency, department, or other entity of the United States Government, the use, duplication, reproduction, release, modification, disclosure, or transfer of the Software, or any related documentation of any kind, including technical data and manuals, is restricted by a license agreement or by the terms of this Agreement in accordance with Federal Acquisition Regulation 12.212 for civilian purposes and Defense Federal Acquisition Regulation Supplement 227.7202 for military purposes. The Software was developed fully at private expense. All other use is prohibited.&#xA;k.&#x9;Third-Party Software.  If designated in the Documentation, the Software may contain or be provided with certain third-party software (including code which may be made available to you in source code form). Ownership, use, warranty and modification rights with respect to any such designated software shall be as expressly set forth in the Documentation.&#xA;&#xA;&#xA;BY CLICKING ON THE &quot;I Agree&quot; BUTTON OR INSTALLING OR USING ALL OR ANY PORTION OF THE SOFTWARE, YOU ARE ACCEPTING ALL OF THE TERMS AND CONDITIONS OF THIS AGREEMENT. YOU AGREE THAT THIS AGREEMENT IS ENFORCEABLE LIKE ANY WRITTEN NEGOTIATED AGREEMENT SIGNED BY YOU. IF YOU DO NOT AGREE TO ALL OF THESE TERMS AND CONDITIONS, CLICK &quot;I Do Not Agree&quot;. YOU WILL NOT BE GIVEN ACCESS TO THE SOFTWARE UNLESS YOU ACCEPT THE TERMS OF THIS AGREEMENT. IF YOU HAVE PAID A LICENSE FEE FOR USE OF THE SOFTWARE AND DO NOT AGREE TO THESE TERMS, YOU MAY RETURN THE SOFTWARE FOR A FULL REFUND PROVIDED YOU (A) DO NOT USE THE SOFTWARE AND (B) RETURN THE SOFTWARE WITHIN THIRTY (30) DAYS OF YOUR INITIAL PURCHASE. IF YOU WISH TO USE THE SOFTWARE AS AN EMPLOYEE, CONTRACTOR, OR AGENT OF A CORPORATION, PARTNERSHIP OR SIMILAR ENTITY, THEN YOU MUST BE AUTHORIZED TO SIGN FOR AND BIND THE ENTITY IN ORDER TO ACCEPT THE TERMS OF THIS AGREEMENT. THE LICENSES GRANTED UNDER THIS AGREEMENT ARE EXPRESSLY CONDITIONED UPON ACCEPTANCE BY SUCH AUTHORIZED PERSONNEL. IF YOU HAVE ENTERED INTO A SEPARATE WRITTEN LICENSE AGREEMENT WITH VENDOR FOR USE OF THE SOFTWARE, THE TERMS AND CONDITIONS OF SUCH OTHER AGREEMENT SHALL PREVAIL OVER ANY CONFLICTING TERMS OR CONDITIONS IN THIS AGREEMENT.
        </license>
      </licenses>
    </unit>
    <unit id='org.mule.tooling.ui.extension.as400-connector.3.5.0.feature.group' version='1.0.1.201609271105' singleton='false'>
      <update id='org.mule.tooling.ui.extension.as400-connector.3.5.0.feature.group' range='[0.0.0,1.0.1.201609271105)' severity='0'/>
      <properties size='3'>
        <property name='org.eclipse.equinox.p2.name' value='AS400 Connector (Mule 3.5.0+)'/>
        <property name='org.eclipse.equinox.p2.provider' value='Mulesoft, Inc.'/>
        <property name='org.eclipse.equinox.p2.type.group' value='true'/>
      </properties>
      <provides size='1'>
        <provided namespace='org.eclipse.equinox.p2.iu' name='org.mule.tooling.ui.extension.as400-connector.3.5.0.feature.group' version='1.0.1.201609271105'/>
      </provides>
      <requires size='2'>
        <required namespace='org.eclipse.equinox.p2.iu' name='org.mule.tooling.ui.contribution.as400.3.5.0' range='[1.0.1.201609271105,1.0.1.201609271105]'/>
        <required namespace='org.eclipse.equinox.p2.iu' name='org.mule.tooling.ui.extension.as400-connector.3.5.0.feature.jar' range='[1.0.1.201609271105,1.0.1.201609271105]'>
          <filter>
            (org.eclipse.update.install.features=true)
          </filter>
        </required>
      </requires>
      <touchpoint id='null' version='0.0.0'/>
      <licenses size='1'>
        <license>
          Commercial License&#xA;====================================================&#xA;&#xA;About MuleSoft Certified Connectors&#xA; MuleSoft Certified Connectors are developed by MuleSoft’s partners and developer community. These connectors have been reviewed and certified by MuleSoft. To purchase the AS/400 Connector or to receive assistance or support for it, please contact Infoview Systems directly at 734.293.2160 or mule400@infoviewsystems.com. MuleSoft disclaims any support obligation for MuleSoft Certified Connectors.  By installing this connector, you consent to MuleSoft sharing your contact information with the developer of this connector so that you can receive more information about it directly from the developer.&#xA;&#xA;READ THIS AGREEMENT CAREFULLY. BY CLICKING ON THE &quot;I Agree&quot; BUTTON OR INSTALLING OR USING ALL OR ANY PORTION OF THE SOFTWARE, YOU ARE ACCEPTING ALL OF THE TERMS AND CONDITIONS OF THIS AGREEMENT. YOU AGREE THAT THIS AGREEMENT IS ENFORCEABLE LIKE ANY WRITTEN NEGOTIATED AGREEMENT SIGNED BY YOU. IF YOU DO NOT AGREE TO ALL OF THESE TERMS AND CONDITIONS, CLICK &quot;I Do Not Agree&quot;. YOU WILL NOT BE GIVEN ACCESS TO THE SOFTWARE UNLESS YOU ACCEPT THE TERMS OF THIS AGREEMENT. IF YOU HAVE PAID A LICENSE FEE FOR USE OF THE SOFTWARE AND DO NOT AGREE TO THESE TERMS, YOU MAY RETURN THE SOFTWARE FOR A FULL REFUND PROVIDED YOU (A) DO NOT USE THE SOFTWARE AND (B) RETURN THE SOFTWARE WITHIN THIRTY (30) DAYS OF YOUR INITIAL PURCHASE. IF YOU WISH TO USE THE SOFTWARE AS AN EMPLOYEE, CONTRACTOR, OR AGENT OF A CORPORATION, PARTNERSHIP OR SIMILAR ENTITY, THEN YOU MUST BE AUTHORIZED TO SIGN FOR AND BIND THE ENTITY IN ORDER TO ACCEPT THE TERMS OF THIS AGREEMENT. THE LICENSES GRANTED UNDER THIS AGREEMENT ARE EXPRESSLY CONDITIONED UPON ACCEPTANCE BY SUCH AUTHORIZED PERSONNEL. IF YOU HAVE ENTERED INTO A SEPARATE WRITTEN LICENSE AGREEMENT WITH INFOVIEW SYSTEMS FOR USE OF THE SOFTWARE, THE TERMS AND CONDITIONS OF SUCH OTHER AGREEMENT SHALL PREVAIL OVER ANY CONFLICTING TERMS OR CONDITIONS IN THIS AGREEMENT.&#xA;&#xA;This Software License Agreement (&quot;Agreement&quot;) is between Infoview Systems, Inc., located at 9424 Newburgh Road, Livonia, MI 48150 (&quot;Infoview&quot;) and the customer (individual or entity) that has procured the licensed Software (as defined below) for use as an end user (&quot;you&quot;).  &#xA;&#xA;1.&#x9;Definitions. &#xA;a.&#x9;“Documentation” means any supporting technical documentation provided with the Software.&#xA;b.&#x9;“Effective Date” means the date on which the Software is first made available to you.&#xA;c.&#x9;“Software” means the Infoview software product(s) provided in connection with this Agreement in object code form. Unless otherwise noted, the Software and Documentation are referred to collectively herein as &quot;Software&quot;. &#xA;d.&#x9;&quot;Intellectual Property&quot; means any and all now known or hereafter known tangible and intangible &#xA;i.&#x9;rights associated with works of authorship throughout the universe, including, but not limited to, copyrights, moral rights, and mask-works, &#xA;ii.&#x9;trademark and trade name rights and similar rights, &#xA;iii.&#x9;trade secret rights, &#xA;iv.&#x9;patents, designs, algorithms and other industrial property rights, &#xA;v.&#x9;all other intellectual and industrial property rights (of every kind and nature throughout the universe and however designated) (including logos, &quot;rental&quot; rights and rights to remuneration), whether arising by operation of  law, contract, license, or otherwise, and &#xA;vi.&#x9;all registrations, initial applications, renewals, extensions, continuations, divisions or reissues now or later in force.&#xA;e.&#x9;&quot;Third Party Software&quot; means any software, application, script or code not owned by Infoview or you.&#xA;2.&#x9;License.&#xA;a.&#x9;Grant of License.  Subject to all of the terms and conditions of this Agreement, Infoview grants you a limited, non-exclusive, non-transferable, non-sublicensable license to use the Software internally to run on MuleSoft’s Anypoint Studio.  The ability to run the Software on MuleSoft’s Run Time Environment is available for additional cost.&#xA;b.&#x9;Installation and Copies. Infoview shall make the Software and Documentation available for download in electronic form.  You may also make one copy of the Software solely for back-up purposes. All other copying is prohibited.&#xA;c.&#x9;License Restrictions.  You shall not: &#xA;i.&#x9;copy the Software or any portion thereof, except for the one permitted backup copy; &#xA;ii.&#x9;distribute, sell, rent, lease, sublicense or transfer any copies of the Software, or portions thereof, to a third party or allow a third party to use the Software; &#xA;iii.&#x9;modify, decompile, disassemble or otherwise reverse engineer the Software or attempt to reconstruct or discover any source code, underlying ideas, algorithms, file formats or programming interfaces of the Software by any means whatsoever if the Software to the extent the Software is not provided in source code form (except and only to the extent that applicable law prohibits or restricts reverse engineering restrictions); &#xA;iv.&#x9;use the Software to develop services or products for sale or include any components of the Software in any product; &#xA;v.&#x9;use any portion of the Software to create a competitive service, product or technology; &#xA;vi.&#x9;make the functionality of the Software available to the public in any manner; &#xA;vii.&#x9;remove any product identification, proprietary, copyright or other notices contained in the Software; or &#xA;viii.&#x9;publicly disseminate performance information or analysis (including, without limitation, benchmarks) from any source relating to the Software.&#xA;d.&#x9;Intellectual Property Rights.  You acknowledge that Infoview retains exclusive ownership of all copyrights, trademarks, patents and/or other intellectual property rights in the Software and the Documentation.  You are not granted any rights in the Software or Documentation other than the license rights expressly set forth above.  &#xA;3.&#x9;Ownership.  &#xA;a.&#x9;Notwithstanding anything to the contrary contained herein, except for the limited license rights expressly provided herein, Infoview and its suppliers have and will retain all rights, title and interest (including, without limitation, all patent, copyright, trademark, trade secret and other intellectual property rights) in and to the Software and all copies, modifications and derivative works thereof. You acknowledge that you are obtaining only a limited license right to the Software and that irrespective of any use of the words &quot;purchase&quot;, &quot;sale&quot; or like terms hereunder no ownership rights are being conveyed to you under this Agreement or otherwise.&#xA;4.&#x9;Payment.&#xA;a.&#x9;If any fees are so indicated, you shall pay all such fees in U.S. Dollars. If Infoview will be invoicing you for payment, all payments shall be made within thirty (30) days of your receipt of the applicable invoice, unless otherwise specified in writing by Infoview. Except as expressly set forth herein, all fees are non-refundable once paid. You shall be responsible for all taxes, withholdings, duties and levies arising from your use of the Software (if any), excluding taxes based on the net income of Infoview. Any late payments shall be subject to a service charge equal to 1.5% per month of the amount due or the maximum amount allowed by law, whichever is less. &#xA;5.&#x9;Term of Agreement.&#xA;a.&#x9;Term.  This Agreement is effective as of the Effective Date and is perpetual, with no expiration date (the &quot;Term&quot;). Infoview may terminate this Agreement and seek injunctive relief immediately upon any breach by you. In addition, either party may terminate this Agreement if the other party: &#xA;i.&#x9;ceases operation without a successor; or &#xA;ii.&#x9;seeks protection under any bankruptcy, receivership, trust deed, creditors arrangement, composition or comparable proceeding, or if any such proceeding is instituted against such party (and not dismissed within sixty (60) days)). Termination is not an exclusive remedy and the exercise by either party of any remedy under this Agreement will be without prejudice to any other remedies it may have under this Agreement, by law, or otherwise.&#xA;b.&#x9;Termination.  Upon any expiration or termination of this Agreement, you shall cease any and all use of any Software and destroy (or permanently erase) all copies thereof (including the backup copy, if made).&#xA;c.&#x9;No Obligation to Enter Into Further Agreement.  No Obligation to Enter Into Further Agreement. Nothing herein obligates either party to enter into any further agreement with the other party. &#xA;d.&#x9;Survival. Sections 2c (License Restrictions), 3 (Ownership), 4 (Payment), 5 (Term of Agreement), 6 (No Warranty), 7 (Limitation of Remedies and Damages), 8 (Confidential Information), 9 (Export Compliance) and 10 (General) shall survive any termination or expiration of this Agreement.&#xA;&#xA;6.&#x9;No Warranty.&#xA;&#xA;THE SOFTWARE AND ALL SERVICES ARE PROVIDED &quot;AS IS,&quot; WITHOUT WARRANTY OF ANY KIND, EXPRESS, IMPLIED, STATUTORY, OR OTHERWISE, INCLUDING, BUT NOT LIMITED TO WARRANTIES OF TITLE, NON-INFRINGEMENT, MERCHANTABILITY, OR FITNESS FOR A PARTICULAR PURPOSE. YOU MAY HAVE OTHER STATUTORY RIGHTS; HOWEVER, TO THE FULL EXTENT PERMITTED BY LAW, THE DURATION OF STATUTORILY REQUIRED WARRANTIES, IF ANY, SHALL BE LIMITED TO THE MAXIMUM EXTENT PERMITTED BY LAW. &#xA;&#xA;7.&#x9;Limitation of Remedies and Damages.&#xA;&#xA;IN NO EVENT SHALL INFOVIEW BE LIABLE FOR ANY LOSS OF USE, LOST DATA, FAILURE OF SECURITY MECHANISMS, INTERRUPTION OF BUSINESS, OR ANY INDIRECT, SPECIAL, INCIDENTAL, OR CONSEQUENTIAL DAMAGES OF ANY KIND (INCLUDING LOST PROFITS), REGARDLESS OF THE FORM OF ACTION, WHETHER IN CONTRACT, TORT (INCLUDING NEGLIGENCE), STRICT LIABILITY OR OTHERWISE, EVEN IF INFORMED OF THE POSSIBILITY OF SUCH DAMAGES IN ADVANCE. NOTWITHSTANDING ANY OTHER PROVISION OF THIS AGREEMENT, INFOVIEW&apos;S ENTIRE LIABILITY TO YOU UNDER THIS AGREEMENT SHALL NOT EXCEED THE GREATER OF (I) THE AMOUNT ACTUALLY PAID BY YOU TO INFOVIEW UNDER THIS AGREEMENT OR (II) $10,000. &#xA;&#xA;The parties agree that the limitations specified in this Section 7 will survive and apply even if any limited remedy specified in this Agreement is found to have failed of its essential purpose. &#xA;&#xA;8.&#x9;Confidential Information.&#xA;a.&#x9;Any software, documentation or technical information provided by Infoview (or its agents) shall be deemed &quot;Infoview Confidential Information&quot; without any marking or further designation. Except as expressly authorized herein, you will hold in confidence and not use or disclose any Infoview Confidential Information. You acknowledge that disclosure of Infoview Confidential Information would cause substantial harm to Infoview that could not be remedied by the payment of damages alone and therefore that upon any such disclosure by you, Infoview shall be entitled to appropriate equitable relief in addition to whatever remedies it might have at law. &#xA;&#xA;9.&#x9;Export Compliance.&#xA;a.&#x9;You acknowledge that the Software is subject to export restrictions by the United States government and import restrictions by certain foreign governments. You shall not, and shall not allow any third-party to, remove or export from the United States or allow the export or re-export of any part of the Software or any direct product thereof: &#xA;i.&#x9;into (or to a national or resident of) any embargoed or terrorist-supporting country; &#xA;ii.&#x9;to anyone on the U.S. Commerce Department&apos;s Table of Denial Orders or U.S. Treasury Department&apos;s list of Specially Designated Nationals; &#xA;iii.&#x9;to any country to which such export or re-export is restricted or prohibited, or as to which the United States government or any agency thereof requires an export license or other governmental approval at the time of export or re-export without first obtaining such license or approval; or (iv) otherwise in violation of any export or import restrictions, laws or regulations of any United States or foreign agency or authority. You agree to the foregoing and warrant that you are not located in, under the control of, or a national or resident of any such prohibited country or on any such prohibited party list. The Software is further restricted from being used for the design or development of nuclear, chemical, or biological weapons or missile technology, or for terrorist activity, without the prior permission of the United States government. &#xA;&#xA;10.&#x9;General. &#xA;a.&#x9;Assignment.  This Agreement will bind and inure to the benefit of each party&apos;s permitted successors and assigns. Infoview may assign this Agreement to any affiliate or in connection with a merger, reorganization, acquisition or other transfer of all or substantially all of Infoview&apos;s assets or voting securities. You may not assign or transfer this Agreement, in whole or in part, without Infoview&apos;s written consent. Any attempt to transfer or assign this Agreement without such written consent will be null and void.&#xA;b.&#x9;Severability.  If any provision of this Agreement shall be adjudged by any court of competent jurisdiction to be unenforceable or invalid, that provision shall be limited to the minimum extent necessary so that this Agreement shall otherwise remain in effect.&#xA;c.&#x9;Governing Law; Jurisdiction and Venue.  This Agreement shall be governed by the laws of the State of Michigan and the United States without regard to conflicts of laws provisions thereof, and without regard to the United Nations Convention on the International Sale of Goods. The jurisdiction and venue for actions related to the subject matter hereof shall be the Michigan state and United States federal courts located in the State of Michigan, and both parties hereby submit to the personal jurisdiction of such courts.&#xA;d.&#x9;Attorneys&apos; Fees and Costs.  The prevailing party in any action to enforce this Agreement will be entitled to recover its attorneys&apos; fees and costs in connection with such action.&#xA;e.&#x9;Notices and Reports.  Any notice or report hereunder shall be in writing. If to Infoview, such notice or report shall be sent to Infoview at the address above to the attention of &quot;Legal Department&quot;. If to you, such notice or report shall be sent to the address you provided prior to downloading the Software. Notices and reports shall be deemed given: &#xA;i.&#x9;upon receipt if by personal delivery; &#xA;ii.&#x9;upon receipt if sent by certified or registered U.S. mail (return receipt requested); or &#xA;iii.&#x9;one day after it is sent if by next day delivery by a major commercial delivery service.  &#xA;f.&#x9;Amendments; Waivers.  No supplement, modification, or amendment of this Agreement shall be binding, unless executed in writing by a duly authorized representative of each party to this Agreement. No waiver will be implied from conduct or failure to enforce or exercise rights under this Agreement, nor will any waiver be effective unless in a writing signed by a duly authorized representative on behalf of the party claimed to have waived.&#xA;g.&#x9;Entire Agreement.  This Agreement is the complete and exclusive statement of the mutual understanding of the parties and supersedes and cancels all previous written and oral agreements and communications relating to the subject matter of this Agreement. No provision of any purchase order or in any other business form employed by you will supersede the terms and conditions of this Agreement, and any such document issued by a party hereto relating to this Agreement shall be for administrative purposes only and shall have no legal effect. Notwithstanding the foregoing, if you have entered into a separate written license agreement signed by Infoview for use of the Software, the terms and conditions of such other agreement shall prevail over any conflicting terms or conditions in this Agreement.&#xA;h.&#x9;Independent Contractors.  The parties to this Agreement are independent contractors. There is no relationship of partnership, joint venture, employment, franchise or agency created hereby between the parties. Neither party will have the power to bind the other or incur obligations on the other party&apos;s behalf without the other party&apos;s prior written consent.&#xA;i.&#x9;Force Majeure.  Neither party shall be liable to the other for any delay or failure to perform any obligation under this Agreement (except for a failure to pay fees) if the delay or failure is due to unforeseen events, which occur after the signing of this Agreement and which are beyond the reasonable control of the parties, such as strikes, blockade, war, terrorism, riots, natural disasters, refusal of license by the government or other governmental agencies, in so far as such an event prevents or delays the affected party from fulfilling its obligations and such party is not able to prevent or remove the force majeure at reasonable cost.&#xA;j.&#x9;Government End-Users.  The Software is commercial computer software. If the user or licensee of the Software is an agency, department, or other entity of the United States Government, the use, duplication, reproduction, release, modification, disclosure, or transfer of the Software, or any related documentation of any kind, including technical data and manuals, is restricted by a license agreement or by the terms of this Agreement in accordance with Federal Acquisition Regulation 12.212 for civilian purposes and Defense Federal Acquisition Regulation Supplement 227.7202 for military purposes. The Software was developed fully at private expense. All other use is prohibited.&#xA;k.&#x9;Third-Party Software.  If designated in the Documentation, the Software may contain or be provided with certain third-party software (including code which may be made available to you in source code form). Ownership, use, warranty and modification rights with respect to any such designated software shall be as expressly set forth in the Documentation.&#xA;&#xA;&#xA;BY CLICKING ON THE &quot;I Agree&quot; BUTTON OR INSTALLING OR USING ALL OR ANY PORTION OF THE SOFTWARE, YOU ARE ACCEPTING ALL OF THE TERMS AND CONDITIONS OF THIS AGREEMENT. YOU AGREE THAT THIS AGREEMENT IS ENFORCEABLE LIKE ANY WRITTEN NEGOTIATED AGREEMENT SIGNED BY YOU. IF YOU DO NOT AGREE TO ALL OF THESE TERMS AND CONDITIONS, CLICK &quot;I Do Not Agree&quot;. YOU WILL NOT BE GIVEN ACCESS TO THE SOFTWARE UNLESS YOU ACCEPT THE TERMS OF THIS AGREEMENT. IF YOU HAVE PAID A LICENSE FEE FOR USE OF THE SOFTWARE AND DO NOT AGREE TO THESE TERMS, YOU MAY RETURN THE SOFTWARE FOR A FULL REFUND PROVIDED YOU (A) DO NOT USE THE SOFTWARE AND (B) RETURN THE SOFTWARE WITHIN THIRTY (30) DAYS OF YOUR INITIAL PURCHASE. IF YOU WISH TO USE THE SOFTWARE AS AN EMPLOYEE, CONTRACTOR, OR AGENT OF A CORPORATION, PARTNERSHIP OR SIMILAR ENTITY, THEN YOU MUST BE AUTHORIZED TO SIGN FOR AND BIND THE ENTITY IN ORDER TO ACCEPT THE TERMS OF THIS AGREEMENT. THE LICENSES GRANTED UNDER THIS AGREEMENT ARE EXPRESSLY CONDITIONED UPON ACCEPTANCE BY SUCH AUTHORIZED PERSONNEL. IF YOU HAVE ENTERED INTO A SEPARATE WRITTEN LICENSE AGREEMENT WITH VENDOR FOR USE OF THE SOFTWARE, THE TERMS AND CONDITIONS OF SUCH OTHER AGREEMENT SHALL PREVAIL OVER ANY CONFLICTING TERMS OR CONDITIONS IN THIS AGREEMENT.
        </license>
      </licenses>
    </unit>
    <unit id='org.mule.tooling.ui.contribution.as400.3.5.0' version='1.0.1.201609271105'>
      <update id='org.mule.tooling.ui.contribution.as400.3.5.0' range='[0.0.0,1.0.1.201609271105)' severity='0'/>
      <properties size='2'>
        <property name='org.eclipse.equinox.p2.name' value='AS400'/>
        <property name='org.eclipse.equinox.p2.provider' value='Infoview Systems Inc'/>
      </properties>
      <provides size='3'>
        <provided namespace='org.eclipse.equinox.p2.iu' name='org.mule.tooling.ui.contribution.as400.3.5.0' version='1.0.1.201609271105'/>
        <provided namespace='osgi.bundle' name='org.mule.tooling.ui.contribution.as400.3.5.0' version='1.0.1.201609271105'/>
        <provided namespace='org.eclipse.equinox.p2.eclipse.type' name='bundle' version='1.0.0'/>
      </provides>
      <requires size='3'>
        <required namespace='osgi.bundle' name='org.eclipse.ui' range='0.0.0'/>
        <required namespace='osgi.bundle' name='org.eclipse.core.runtime' range='0.0.0'/>
        <required namespace='osgi.bundle' name='org.mule.tooling.core' range='1.0.0'/>
      </requires>
      <artifacts size='1'>
        <artifact classifier='osgi.bundle' id='org.mule.tooling.ui.contribution.as400.3.5.0' version='1.0.1.201609271105'/>
      </artifacts>
      <touchpoint id='org.eclipse.equinox.p2.osgi' version='1.0.0'/>
      <touchpointData size='1'>
        <instructions size='2'>
          <instruction key='manifest'>
            Bundle-SymbolicName: org.mule.tooling.ui.contribution.as400.3.5.0;singleton:=true&#xA;Bundle-Version: 1.0.1.201609271105
          </instruction>
          <instruction key='zipped'>
            true
          </instruction>
        </instructions>
      </touchpointData>
    </unit>
  </units>
</repository>
